Domain,BusinessUnit,ApplicationName,TestScenario,TestID1,TestID2,TestID3,TestID4,TestID5,TestID6,TestID7,TestID8,TestID9,TestID10,TestID11,TestID12,TestID13,TestID14,TestID15,TestID16,TestID17,TestID18,TestID19,TestID20,TestID21,TestID22,TestID23,TestID24,TestID25,TestID26,TestID27,TestID28,TestID29,TestID30,TestType
Domain1,US_EthicsCompliance,Polaris,PIR_BB_Test2_Sep2023,13237449,,,,,,,,,,,,,,,,,,,,,,,,,,,,,,N
Domain1,US_EthicsCompliance,Polaris,MCD_BB_Sep2023,13184727,,,,,,,,,,,,,,,,,,,,,,,,,,,,,,N
Domain1,US_EthicsCompliance,Polaris,MCD_5KLT_BBR_Test2_2023,13298372,,,,,,,,,,,,,,,,,,,,,,,,,,,,,,N
Domain1,US_EthicsCompliance,Polaris,MCD_2KLT_BBR_Test2_2023,13288151,,,,,,,,,,,,,,,,,,,,,,,,,,,,,,N
Domain1,US_EthicsCompliance,Polaris,All_Modules_BigBang_Stage2_Execution_2023,10429925,,,,,,,,,,,,,,,,,,,,,,,,,,,,,,Y
Domain1,US_EthicsCompliance,Polaris-Skywalker,Skywalker-CombinedTest,13070167,,,,,,,,,,,,,,,,,,,,,,,,,,,,,,N
Domain1,US_EthicsCompliance,Polaris-Skywalker,CombinedTest_UpdatedScenario1,13289569,,,,,,,,,,,,,,,,,,,,,,,,,,,,,,N
Domain1,US_EthicsCompliance,Polaris-Skywalker,01-FITDM_Get_PersonalInformationByDate,12726789,,,,,,,,,,,,,,,,,,,,,,,,,,,,,,N
Domain1,US_EthicsCompliance,Polaris-Skywalker,02-FITDM_Search_GFSContracts,12695410,,,,,,,,,,,,,,,,,,,,,,,,,,,,,,N
Domain1,US_EthicsCompliance,Polaris-Skywalker,03-FITDM_Search_GFSWBSCodesByContracts,13185113,,,,,,,,,,,,,,,,,,,,,,,,,,,,,,N
Domain1,US_EthicsCompliance,Polaris-Skywalker,04-FITDM_Search_GFSContractsByPrids,12698391,,,,,,,,,,,,,,,,,,,,,,,,,,,,,,N
Domain1,US_EthicsCompliance,Polaris-Skywalker,05-FITDM_Fetch_OFAList_v1,12728196,,,,,,,,,,,,,,,,,,,,,,,,,,,,,,N
Domain1,US_EthicsCompliance,Polaris-Skywalker,06-FITDM_Search_GFSClients,12715912,,,,,,,,,,,,,,,,,,,,,,,,,,,,,,N
Domain1,US_EthicsCompliance,Polaris-Skywalker,07-FITDM_Fetch_GFSClientContracts,12718215,,,,,,,,,,,,,,,,,,,,,,,,,,,,,,N
Domain1,US_EthicsCompliance,Polaris-Skywalker,08-FITDM_Fetch_EmployeeChargingEngagements,12721067,,,,,,,,,,,,,,,,,,,,,,,,,,,,,,N
Domain1,US_EthicsCompliance,Polaris-Skywalker,09-FITDM_Fetch_YearFilteredEmployeeTimeCharges,12721054,,,,,,,,,,,,,,,,,,,,,,,,,,,,,,N
Domain1,US_EthicsCompliance,Polaris-Skywalker,10-FITDM_Get_EmployeeClientListByWBSCodes,12721468,,,,,,,,,,,,,,,,,,,,,,,,,,,,,,N
Domain1,US_EthicsCompliance,Polaris-Skywalker,11-FITDM_Search_CESEntities-PTunning,12793705,,,,,,,,,,,,,,,,,,,,,,,,,,,,,,N
Domain1,US_EthicsCompliance,Polaris-Skywalker,11-FITDM_Search_CESEntities,12722974,,,,,,,,,,,,,,,,,,,,,,,,,,,,,,N
Domain1,US_EthicsCompliance,Polaris-Skywalker,12-FITDM_Search_GFSWBSCodes,12726150,,,,,,,,,,,,,,,,,,,,,,,,,,,,,,N
Domain1,US_EthicsCompliance,Polaris-Skywalker,13-FITDM_Get_EmployeesForWhatIfs,12698663,,,,,,,,,,,,,,,,,,,,,,,,,,,,,,N
Domain1,US_EthicsCompliance,Polaris-Skywalker,14-FITDM_Get_EmployeeClientList_v1,12701942,,,,,,,,,,,,,,,,,,,,,,,,,,,,,,N
Domain1,US_EthicsCompliance,Polaris-Skywalker,15-FITDM_Fetch_JobInformation,12707555,,,,,,,,,,,,,,,,,,,,,,,,,,,,,,N
Domain1,US_EthicsCompliance,Polaris-Skywalker,16-FITDM_Fetch_Worklocation,12703799,,,,,,,,,,,,,,,,,,,,,,,,,,,,,,N
Domain1,US_EthicsCompliance,Polaris-Skywalker,17-FITDM_Get_ComplianceProfileFolders,12707883,,,,,,,,,,,,,,,,,,,,,,,,,,,,,,N
Domain1,US_EthicsCompliance,Polaris-Skywalker,18-FITDM_Get_ComplianceProfileOFARelationships,12890779,,,,,,,,,,,,,,,,,,,,,,,,,,,,,,N
Domain1,US_EthicsCompliance,Polaris-Skywalker,19-FITDM_Get_CoveredPersonProvidingServices_v1,12825147,,,,,,,,,,,,,,,,,,,,,,,,,,,,,,N
Domain1,US_EthicsCompliance,Polaris-Skywalker,20-FITDM_Get_EmployeeClientListAffiliates,12790924,,,,,,,,,,,,,,,,,,,,,,,,,,,,,,N
Domain1,US_EthicsCompliance,Polaris-Skywalker,21-FITDM_Get_ComplianceProfileForFolder,12722774,,,,,,,,,,,,,,,,,,,,,,,,,,,,,,N
Domain1,US_EthicsCompliance,Polaris-Skywalker,22-FITDM_EIC_GetSecurityDetails,12903738,,,,,,,,,,,,,,,,,,,,,,,,,,,,,,N
Domain1,US_EthicsCompliance,Polaris-Skywalker,23-FITDM_Fetch_WorkOfficeCluster,12760758,,,,,,,,,,,,,,,,,,,,,,,,,,,,,,N
Domain1,US_EthicsCompliance,Polaris-Skywalker,24-FITDM_Get_BrokerAccounts,12777322,,,,,,,,,,,,,,,,,,,,,,,,,,,,,,N
Domain1,US_EthicsCompliance,Polaris-Skywalker,25-FITDM_Get_GFSWBSCodesByContractsAndDate,12761191,,,,,,,,,,,,,,,,,,,,,,,,,,,,,,N
Domain1,US_EthicsCompliance,Polaris-Skywalker,26-FITDM_Get_WorkLocation,12761692,,,,,,,,,,,,,,,,,,,,,,,,,,,,,,N
Domain1,US_EthicsCompliance,Polaris-Skywalker,27-FITDM_Search_ChainofCommandReason,12762099,,,,,,,,,,,,,,,,,,,,,,,,,,,,,,N
Domain1,US_EthicsCompliance,Polaris-Skywalker,28-FITDM_Search_CostCenter,12762721,,,,,,,,,,,,,,,,,,,,,,,,,,,,,,N
Domain1,US_EthicsCompliance,Polaris-Skywalker,29-FITDM_Search_EmployeeType,12762871,,,,,,,,,,,,,,,,,,,,,,,,,,,,,,N
Domain1,US_EthicsCompliance,Polaris-Skywalker,30-FITDM_Search_JobCategory,12763014,,,,,,,,,,,,,,,,,,,,,,,,,,,,,,N
Domain1,US_EthicsCompliance,Polaris-Skywalker,31-FITDM_Search_JobProfile,12765818,,,,,,,,,,,,,,,,,,,,,,,,,,,,,,N
Domain1,US_EthicsCompliance,Polaris-Skywalker,32-FITDM_Search_JobFamily,12766089,,,,,,,,,,,,,,,,,,,,,,,,,,,,,,N
Domain1,US_EthicsCompliance,Polaris-Skywalker,33-FITDM_Search_ClearanceType,12843697,,,,,,,,,,,,,,,,,,,,,,,,,,,,,,N
Domain1,US_EthicsCompliance,Polaris-Skywalker,34-FITDM_Search_HireReason,12843856,,,,,,,,,,,,,,,,,,,,,,,,,,,,,,N
Domain1,US_EthicsCompliance,Polaris-Skywalker,35-FITDM_Search_IndependenceType ,12882187,,,,,,,,,,,,,,,,,,,,,,,,,,,,,,N
Domain1,US_EthicsCompliance,Polaris-Skywalker,36-FITDM_Fetch_ClientContracts,12850088,,,,,,,,,,,,,,,,,,,,,,,,,,,,,,N
Domain1,US_EthicsCompliance,Polaris-Skywalker,37-FITDM_Fetch_GFSClients,12886054,,,,,,,,,,,,,,,,,,,,,,,,,,,,,,N
Domain1,US_EthicsCompliance,Polaris-Skywalker,38-FITDM_Fetch_WBS,12892519,,,,,,,,,,,,,,,,,,,,,,,,,,,,,,N
Domain1,US_EthicsCompliance,Polaris-Skywalker,39-FITDM_Get_CoveredPersonPartnerInOffice_v1,12903910,,,,,,,,,,,,,,,,,,,,,,,,,,,,,,N
Domain1,US_EthicsCompliance,Polaris-Skywalker,40-FITDM_Get_CoveredPersonCOC_v1,12906154,,,,,,,,,,,,,,,,,,,,,,,,,,,,,,N
Domain1,US_EthicsCompliance,Polaris-Skywalker,41-FITDM_LDV_GetEntitiesOfferingOFACount,12906218,,,,,,,,,,,,,,,,,,,,,,,,,,,,,,N
Domain1,US_EthicsCompliance,Polaris-Skywalker,42-FITDM_LDV_GetEntitiesOfferingOFADetails,12908766,,,,,,,,,,,,,,,,,,,,,,,,,,,,,,N
Domain1,US_EthicsCompliance,Polaris-Skywalker,43-FITDM_EIC_GetACALDetails,12910394,,,,,,,,,,,,,,,,,,,,,,,,,,,,,,N
Domain1,US_EthicsCompliance,Polaris-Skywalker,44-FITDM_LDV_GetEntitiesOfferingOFALMCount,12918919,,,,,,,,,,,,,,,,,,,,,,,,,,,,,,N
Domain1,US_EthicsCompliance,Polaris-Skywalker,45-FITDM_LDV_GetEntitiesOfferingOFALMDetails,12922927,,,,,,,,,,,,,,,,,,,,,,,,,,,,,,N
Domain1,US_EthicsCompliance,Polaris-Skywalker,46-FITDM_LDV_GetEntitiesOfferingSecurityCount,12923271,,,,,,,,,,,,,,,,,,,,,,,,,,,,,,N
Domain1,US_EthicsCompliance,Polaris-Skywalker,47-FITDM_LDV_GetEntitiesOfferingSecurityDetails,12923623,,,,,,,,,,,,,,,,,,,,,,,,,,,,,,N
Domain1,US_EthicsCompliance,Polaris-Skywalker,48-FITDM_LDV_GetSecuritiesAssociatedWithClientCount,12924167,,,,,,,,,,,,,,,,,,,,,,,,,,,,,,N
Domain1,US_EthicsCompliance,Polaris-Skywalker,49-FITDM_LDV_GetSecuritiesAssociatedWithClientDetails,12924273,,,,,,,,,,,,,,,,,,,,,,,,,,,,,,N
Domain1,US_EthicsCompliance,Polaris-Skywalker,50-FITDM_Report_AuditClientAffiliates,12931165,,,,,,,,,,,,,,,,,,,,,,,,,,,,,,N
Domain1,US_EthicsCompliance,Polaris-Skywalker,51-FITDM_Report_AuditSecurityList,12962919,,,,,,,,,,,,,,,,,,,,,,,,,,,,,,N
Domain1,US_EthicsCompliance,Polaris-Skywalker,52-FITDM_Report_AuditSSL,12932100,,,,,,,,,,,,,,,,,,,,,,,,,,,,,,N
Domain1,US_EthicsCompliance,Polaris-Skywalker,53-FITDM_Search_LegalCompany,12933097,,,,,,,,,,,,,,,,,,,,,,,,,,,,,,N
Domain1,US_EthicsCompliance,Polaris-Skywalker,54-FITDM_Search_LineofService,12933382,,,,,,,,,,,,,,,,,,,,,,,,,,,,,,N
Domain1,US_EthicsCompliance,Polaris-Skywalker,55-FITDM_Search_ManagementLevel,12937558,,,,,,,,,,,,,,,,,,,,,,,,,,,,,,N
Domain1,US_EthicsCompliance,Polaris-Skywalker,56-FITDM_Search_Territory ,12942743,,,,,,,,,,,,,,,,,,,,,,,,,,,,,,N
Domain1,US_EthicsCompliance,Polaris-Skywalker,57-FITDM_Search_Worklocation,12954263,,,,,,,,,,,,,,,,,,,,,,,,,,,,,,N
Domain1,US_EthicsCompliance,Polaris-Skywalker,58-FITDM_Validate_Employees ,12943865,,,,,,,,,,,,,,,,,,,,,,,,,,,,,,N
Domain1,US_EthicsCompliance,Polaris-Skywalker,59-FITDM_Fetch_JointBusinessRelationships ,12947573,,,,,,,,,,,,,,,,,,,,,,,,,,,,,,N
Domain1,US_EthicsCompliance,Polaris-Skywalker,60-FITDM_Calculate_CoveredPersonCOC,13337082,,,,,,,,,,,,,,,,,,,,,,,,,,,,,,N
Domain1,US_EthicsCompliance,Polaris-Skywalker,61-FITDM_Calculate_CoveredPersonPIO,13344379,,,,,,,,,,,,,,,,,,,,,,,,,,,,,,N
Domain1,US_EthicsCompliance,Polaris-Skywalker,62-FITDM_Calculate_CoveredPersonPS,13345169,,,,,,,,,,,,,,,,,,,,,,,,,,,,,,N
Domain1,US_EthicsCompliance,Polaris-Skywalker,63-FITDM_Get_CES_Data,13368992,,,,,,,,,,,,,,,,,,,,,,,,,,,,,,N
Domain1,US_EthicsCompliance,Polaris,All_Modules_BigBang_Test2_Execution_2023,10424907,,,,,,,,,,,,,,,,,,,,,,,,,,,,,,Y